CustomerID,PurchaseDate,TransactionAmount,ProductInformation,OrderID,Location
8814,11/04/23,943.31,Product C,890075,Tokyo
2188,11/04/23,463.7,Product A,176819,London
4608,11/04/23,80.28,Product A,340062,New York
2559,11/04/23,221.29,Product A,239145,London
9482,11/04/23,739.56,Product A,194545,Paris
8483,11/04/23,375.23,Product C,691194,Paris
8317,11/04/23,272.56,Product B,826847,New York
6911,11/04/23,433.33,Product C,963918,Tokyo
8993,12/04/23,16.55,Product D,112426,New York
3519,12/04/23,464.63,Product C,139726,New York
9005,12/04/23,120.75,Product C,972064,Paris
9409,12/04/23,865.98,Product A,597126,London
5670,12/04/23,392.7,Product B,995296,London
8724,12/04/23,623.35,Product C,739717,London
9148,12/04/23,99.15,Product D,629996,Tokyo
5837,12/04/23,978.17,Product D,387813,New York
2767,12/04/23,299.57,Product D,342397,Tokyo
2824,12/04/23,744.13,Product B,334053,London
9128,12/04/23,388.9,Product D,281201,Paris
1520,12/04/23,102.76,Product B,629903,New York
8719,12/04/23,338.56,Product B,313701,Paris
8529,12/04/23,132.99,Product B,562721,Tokyo
8705,12/04/23,751.53,Product A,466960,London
6347,12/04/23,637.78,Product D,614435,London
4161,12/04/23,692.36,Product C,859587,London
2228,12/04/23,997.19,Product B,777366,Tokyo
6638,12/04/23,417.64,Product C,812597,London
5533,13/04/23,13.51,Product B,768061,Paris
9871,13/04/23,849.53,Product C,750817,Paris
9864,13/04/23,621.28,Product B,761820,Paris
1146,13/04/23,585.27,Product D,821846,London
9115,13/04/23,134.98,Product C,205239,Tokyo
5494,13/04/23,974.55,Product C,831295,London
4190,13/04/23,786.12,Product B,745073,London
5583,13/04/23,693.38,Product B,564920,Tokyo
2617,13/04/23,575.3,Product D,789880,Tokyo
6878,13/04/23,226.63,Product D,343007,New York
5349,13/04/23,117.32,Product D,462479,Paris
5173,13/04/23,711.7,Product A,645175,London
8216,13/04/23,924.97,Product B,309385,Paris
4302,13/04/23,793.2,Product A,430926,Paris
5087,13/04/23,461.88,Product C,838862,London
2524,13/04/23,922.06,Product D,834891,Paris
2741,13/04/23,897.91,Product D,247271,Tokyo
2139,13/04/23,664.65,Product C,183667,London
5919,13/04/23,812.08,Product A,123682,Paris
7781,13/04/23,566.9,Product B,877259,London
9584,13/04/23,840.68,Product A,957730,New York
2848,13/04/23,811.38,Product D,744793,New York
1742,13/04/23,145.67,Product C,943019,Tokyo
3676,14/04/23,223.31,Product C,599687,New York
9120,14/04/23,972.57,Product D,923975,Paris
3573,14/04/23,110.25,Product B,299212,Tokyo
2169,14/04/23,174.26,Product C,723948,Paris
4401,14/04/23,192.99,Product A,785010,Paris
8552,14/04/23,176.31,Product D,961599,Tokyo
4909,14/04/23,252.03,Product D,221620,Tokyo
9985,14/04/23,36.1,Product D,649435,New York
7770,14/04/23,195.71,Product C,752878,Tokyo
7797,14/04/23,402.49,Product C,347231,Tokyo
3406,14/04/23,174.68,Product B,641737,Tokyo
1323,14/04/23,692.85,Product D,565897,Tokyo
2200,14/04/23,186.21,Product C,685193,New York
5557,14/04/23,511.86,Product D,522866,London
1616,14/04/23,375.05,Product C,180458,New York
5347,14/04/23,135.49,Product D,651640,New York
4923,14/04/23,248.46,Product A,189814,Tokyo
1936,14/04/23,588.34,Product B,159642,New York
3340,15/04/23,535.2,Product A,739966,London
7461,15/04/23,595.98,Product A,556112,London
5224,15/04/23,388.85,Product B,809794,London
7429,15/04/23,547.76,Product B,301528,Paris
2444,15/04/23,270.46,Product C,183927,New York
3709,15/04/23,753.92,Product C,352593,Paris
1753,15/04/23,269,Product C,112960,London
8770,15/04/23,100.31,Product A,197758,Tokyo
6482,15/04/23,336.39,Product D,397949,Paris
3538,15/04/23,302.83,Product A,632351,New York
1136,15/04/23,394.76,Product C,795186,Paris
2832,15/04/23,945.6,Product B,672092,New York
6201,15/04/23,561.77,Product A,293079,Paris
4044,15/04/23,599.08,Product B,523389,New York
3153,16/04/23,910.53,Product C,883790,Tokyo
1502,16/04/23,748.65,Product B,494468,Tokyo
9584,16/04/23,401.81,Product C,882033,Paris
7955,16/04/23,436.3,Product B,671971,Paris
8292,16/04/23,812.41,Product C,800280,Paris
9740,16/04/23,507.55,Product B,720556,London
1464,16/04/23,55.01,Product C,782759,London
4814,16/04/23,159.18,Product D,327738,Paris
9008,16/04/23,899.9,Product D,947975,New York
6077,16/04/23,516.19,Product B,947312,London
4559,16/04/23,897.63,Product B,888996,New York
5102,16/04/23,378.13,Product B,154302,Tokyo
3807,16/04/23,504.86,Product D,776234,Paris
8239,16/04/23,605.2,Product A,356600,Paris
8449,16/04/23,257.58,Product B,853270,New York
3110,16/04/23,906.03,Product C,228479,New York
4271,17/04/23,35.48,Product B,769191,Paris
9042,17/04/23,873.99,Product C,592198,Tokyo
7224,17/04/23,365.39,Product C,733052,Paris
2902,17/04/23,242.45,Product B,507524,Tokyo
1803,17/04/23,422.79,Product B,269172,Paris
7965,17/04/23,738.63,Product B,412170,New York
4871,17/04/23,154.98,Product B,281926,London
8909,17/04/23,302.48,Product A,221707,London
6262,17/04/23,89.27,Product C,421384,Tokyo
1879,17/04/23,442.72,Product A,457137,Tokyo
3937,17/04/23,918.87,Product B,352674,London
1820,17/04/23,815.05,Product A,993647,Paris
5813,17/04/23,476.07,Product C,860413,London
9564,17/04/23,35.02,Product B,155642,New York
3308,17/04/23,60.1,Product D,745270,Tokyo
3103,17/04/23,393.53,Product C,628597,Tokyo
6096,17/04/23,582.9,Product C,703766,Tokyo
2809,17/04/23,527.97,Product A,145903,London
5476,18/04/23,801.35,Product D,519453,Tokyo
8490,18/04/23,701.26,Product D,430984,New York
8195,18/04/23,474.01,Product C,833723,Tokyo
9418,18/04/23,383.43,Product D,392670,Paris
4279,18/04/23,144.37,Product A,574001,London
8414,18/04/23,106.46,Product B,102303,Paris
2029,18/04/23,838.32,Product D,725726,New York
4568,18/04/23,243.61,Product D,440277,New York
9369,18/04/23,576.99,Product C,912764,Paris
6169,18/04/23,745.45,Product B,300845,London
9561,18/04/23,524.56,Product D,786341,London
3858,18/04/23,664.45,Product A,238205,New York
2494,18/04/23,709.16,Product C,189450,Tokyo
4990,19/04/23,789.11,Product B,171942,London
3392,19/04/23,47.92,Product D,829884,London
2911,19/04/23,54.89,Product A,419149,Tokyo
2749,19/04/23,192.9,Product C,735022,London
7971,19/04/23,261.97,Product B,187889,Paris
6447,19/04/23,53.89,Product C,953025,London
7484,19/04/23,674.97,Product C,579434,Paris
7421,19/04/23,599.09,Product A,424620,Tokyo
4157,19/04/23,52.25,Product A,816308,Tokyo
5450,19/04/23,118.13,Product B,354235,New York
9835,19/04/23,657,Product C,224395,London
1924,19/04/23,508.86,Product C,345536,Paris
1706,19/04/23,577.75,Product B,241268,New York
8429,19/04/23,518.12,Product D,691303,New York
3878,19/04/23,386.41,Product B,624563,Paris
9488,20/04/23,311.08,Product B,438334,London
9129,20/04/23,337.86,Product A,349556,Paris
1601,20/04/23,855.29,Product C,447195,New York
1317,20/04/23,59.14,Product A,294969,New York
3485,20/04/23,813.03,Product C,189318,London
1510,20/04/23,850.18,Product D,136489,London
2009,20/04/23,754.71,Product A,189870,Paris
4695,20/04/23,348.37,Product D,788842,London
8017,21/04/23,14.78,Product B,923824,London
8871,21/04/23,528.99,Product D,254954,London
6293,21/04/23,632.87,Product A,880900,New York
5994,21/04/23,987.78,Product D,753453,London
8269,21/04/23,697.06,Product A,148225,Paris
8123,21/04/23,459.19,Product C,624902,London
7981,21/04/23,692.87,Product C,568849,New York
4695,21/04/23,456.77,Product A,409234,New York
8310,21/04/23,187.35,Product B,871667,Tokyo
9276,21/04/23,421.77,Product D,196411,Paris
9537,21/04/23,688.46,Product B,245584,Paris
9267,21/04/23,131.93,Product A,493417,Paris
6234,21/04/23,639.82,Product A,961574,Paris
2481,21/04/23,809.52,Product C,966529,New York
6770,21/04/23,148.56,Product D,292988,New York
6816,21/04/23,650.53,Product A,690579,Tokyo
3131,21/04/23,588.15,Product C,105919,Paris
3527,21/04/23,189.04,Product B,856215,Tokyo
5371,21/04/23,789.5,Product A,501124,New York
7043,21/04/23,609.83,Product A,915573,London
4450,21/04/23,403.08,Product A,166891,Tokyo
7151,21/04/23,734.67,Product A,454366,Tokyo
2296,21/04/23,350.19,Product C,432270,Paris
2234,22/04/23,951.78,Product D,586490,Tokyo
2083,22/04/23,927.83,Product D,747033,Tokyo
4022,22/04/23,644.07,Product D,514798,New York
2577,22/04/23,481.11,Product A,921945,New York
4585,22/04/23,806.07,Product D,152657,London
5557,22/04/23,996.98,Product D,765620,Tokyo
2121,22/04/23,145.26,Product A,767830,Tokyo
8178,22/04/23,615.21,Product C,741055,New York
4164,22/04/23,614.84,Product D,967161,Tokyo
9821,22/04/23,979.58,Product C,472358,Paris
8135,22/04/23,736.46,Product C,745830,Tokyo
5254,22/04/23,553.08,Product B,382495,Tokyo
9796,22/04/23,372.14,Product B,579776,New York
3877,23/04/23,140.84,Product C,656639,Paris
9571,23/04/23,364.34,Product D,409698,London
4755,23/04/23,836.59,Product C,263573,New York
5470,23/04/23,810.73,Product C,270387,Tokyo
3846,23/04/23,876.43,Product B,977633,New York
4054,23/04/23,505.64,Product D,687923,New York
3363,23/04/23,606.44,Product D,624369,New York
5105,23/04/23,638.71,Product C,231250,Paris
2462,23/04/23,447.3,Product D,876936,Tokyo
5051,23/04/23,840.84,Product B,350132,London
9824,23/04/23,270.6,Product A,862760,New York
7669,23/04/23,103.38,Product D,471507,Tokyo
2702,24/04/23,542.38,Product D,777968,New York
5861,24/04/23,969.02,Product A,884309,Paris
6633,24/04/23,418.53,Product B,268772,London
9595,24/04/23,698.87,Product A,214611,New York
4943,24/04/23,76.62,Product A,568127,New York
1149,24/04/23,510.68,Product C,163386,Tokyo
8848,24/04/23,594.88,Product D,123536,London
4291,24/04/23,627.93,Product C,819964,Paris
4882,24/04/23,812.6,Product C,845279,Tokyo
8311,24/04/23,996.4,Product C,827691,Tokyo
6617,24/04/23,690.62,Product C,629959,Tokyo
1256,24/04/23,591.17,Product D,180674,Paris
5809,24/04/23,950.81,Product D,688602,New York
5272,24/04/23,673.03,Product C,350280,Paris
6820,24/04/23,673.47,Product A,738720,London
8609,24/04/23,346.79,Product B,427766,Paris
6363,24/04/23,460.15,Product C,898207,Tokyo
2072,24/04/23,673.63,Product B,818699,Tokyo
4944,24/04/23,587.51,Product A,152995,Paris
8355,25/04/23,538.67,Product C,947903,Tokyo
3938,25/04/23,806.29,Product A,520400,New York
5076,25/04/23,696.59,Product C,427252,London
7870,25/04/23,328.58,Product D,855276,Paris
6085,25/04/23,808.5,Product B,125611,New York
5920,25/04/23,222.67,Product C,122755,Paris
1391,25/04/23,546.13,Product A,451291,New York
9700,25/04/23,641.57,Product A,205065,Tokyo
1744,25/04/23,401.31,Product A,108060,London
4166,25/04/23,41.91,Product A,382967,Tokyo
6068,25/04/23,254.92,Product C,564687,London
9922,25/04/23,651.16,Product C,966785,London
8711,25/04/23,207.58,Product D,466643,Paris
9841,25/04/23,806.66,Product D,422823,Paris
4728,25/04/23,33.43,Product B,517821,Paris
5853,25/04/23,367.27,Product C,114835,London
4804,25/04/23,690.5,Product C,183336,Tokyo
1920,25/04/23,605.65,Product A,652021,Tokyo
2527,25/04/23,992.33,Product A,583863,New York
8579,26/04/23,875.74,Product A,564656,New York
1651,26/04/23,923.05,Product C,449773,Tokyo
2847,26/04/23,504.59,Product A,653948,New York
6228,26/04/23,471.81,Product C,571435,London
3275,26/04/23,792.47,Product A,478427,Paris
2982,26/04/23,232.45,Product C,122056,London
6416,26/04/23,12.71,Product A,215795,Tokyo
3287,26/04/23,747.54,Product C,883300,Tokyo
2101,26/04/23,780.73,Product C,479742,Tokyo
4150,26/04/23,286.22,Product C,335790,Paris
9084,26/04/23,224.71,Product D,575779,Tokyo
7363,26/04/23,262.45,Product C,778120,New York
2747,26/04/23,387.55,Product C,702733,Paris
3573,26/04/23,182.08,Product A,264136,New York
6253,26/04/23,308.75,Product B,792282,London
4762,26/04/23,466.02,Product B,389039,London
9680,26/04/23,425.62,Product A,249289,Paris
3174,26/04/23,154.78,Product C,968726,London
9589,26/04/23,249.89,Product C,914504,Tokyo
1500,26/04/23,378.74,Product D,286209,Tokyo
4817,27/04/23,812.96,Product A,698199,Tokyo
2752,27/04/23,614.74,Product B,226611,Tokyo
5915,27/04/23,566.52,Product A,517754,New York
6742,27/04/23,789.15,Product A,150486,Tokyo
6221,27/04/23,952.15,Product A,458411,London
1731,27/04/23,445.34,Product C,337232,Paris
3695,27/04/23,914.91,Product D,945664,Paris
1228,27/04/23,541.21,Product D,486490,Paris
9465,27/04/23,382.57,Product B,641455,Tokyo
2702,27/04/23,621.92,Product A,786641,Tokyo
9625,27/04/23,817.06,Product C,933551,Tokyo
9669,27/04/23,971.37,Product A,813328,New York
8368,27/04/23,355.09,Product A,560398,New York
6053,27/04/23,366.05,Product D,588640,New York
7322,27/04/23,544.83,Product C,125905,Paris
4614,27/04/23,88.42,Product B,641704,Paris
9288,27/04/23,141.13,Product C,172132,London
7753,27/04/23,164.16,Product A,100096,London
5843,27/04/23,907.84,Product D,507135,New York
8925,27/04/23,988.62,Product C,911801,Tokyo
9849,27/04/23,663.99,Product C,349087,New York
1265,27/04/23,557.78,Product D,409531,London
3705,27/04/23,532.4,Product D,322086,London
2419,28/04/23,882.81,Product B,886931,Tokyo
9374,28/04/23,403.9,Product B,156778,Tokyo
8418,28/04/23,703.47,Product D,296911,Paris
9105,28/04/23,329.64,Product C,454161,London
8933,28/04/23,727.34,Product C,205409,London
8790,28/04/23,56.1,Product A,817675,Paris
6574,28/04/23,163.92,Product C,207175,New York
5622,28/04/23,133.79,Product D,862427,New York
2336,28/04/23,448.68,Product D,609253,Tokyo
5059,28/04/23,648.17,Product B,680278,Paris
7363,28/04/23,188.02,Product C,726121,London
7785,28/04/23,223.41,Product A,461939,Tokyo
2344,28/04/23,162.68,Product B,875584,Tokyo
8145,28/04/23,841.71,Product B,812591,Paris
5933,28/04/23,498.19,Product A,275329,Tokyo
4275,28/04/23,752.68,Product B,400538,Paris
4371,28/04/23,754.8,Product A,705393,New York
1046,28/04/23,859.82,Product B,236306,Paris
7054,29/04/23,166.17,Product C,741390,New York
7921,29/04/23,617,Product A,823468,London
6634,29/04/23,474.51,Product A,821179,Tokyo
4131,29/04/23,363.4,Product A,787584,Paris
4879,29/04/23,268.38,Product C,939717,Tokyo
2389,29/04/23,520.3,Product C,197923,London
2417,29/04/23,767.62,Product D,499941,Tokyo
9941,29/04/23,960.53,Product B,412534,Paris
3399,29/04/23,51.65,Product A,463188,Tokyo
8362,29/04/23,821.22,Product C,576136,New York
1842,29/04/23,604.41,Product C,208633,London
1519,29/04/23,414.78,Product B,903028,Tokyo
2816,29/04/23,681.44,Product D,652530,Paris
4792,29/04/23,709.89,Product D,174637,London
7418,29/04/23,649.71,Product B,618927,Tokyo
6617,29/04/23,458.32,Product B,244892,Tokyo
1984,29/04/23,208.69,Product C,155663,Tokyo
9747,29/04/23,878.7,Product D,947568,New York
1919,29/04/23,364.88,Product D,252640,London
9022,29/04/23,148.89,Product C,982885,Tokyo
5067,29/04/23,102.08,Product C,179721,London
1645,30/04/23,790.72,Product A,707727,Paris
4700,30/04/23,687.2,Product A,785491,New York
3219,30/04/23,16.7,Product D,448354,Tokyo
1749,30/04/23,948.98,Product D,863187,Paris
1886,30/04/23,529.14,Product C,666157,London
7199,30/04/23,736.66,Product C,233534,London
8625,30/04/23,168.12,Product C,823821,New York
6707,30/04/23,349.64,Product B,646428,Tokyo
2075,30/04/23,712.47,Product D,242239,New York
5438,30/04/23,258.89,Product A,856321,London
4986,30/04/23,667.32,Product C,596249,Paris
1372,30/04/23,468.37,Product D,657772,Tokyo
7885,30/04/23,787.87,Product D,489438,Tokyo
7775,30/04/23,282.4,Product B,756401,Tokyo
8803,30/04/23,88.17,Product A,626491,London
9393,30/04/23,844.64,Product C,846454,London
8816,30/04/23,19.04,Product D,936726,Paris
9680,30/04/23,418.98,Product B,244037,London
4893,30/04/23,130.63,Product B,540218,Tokyo
2077,30/04/23,404.18,Product D,651231,Tokyo
1901,30/04/23,669.42,Product B,225245,New York
8807,01/05/23,360,Product C,291663,London
5903,01/05/23,374.88,Product D,960109,New York
5742,01/05/23,128.78,Product D,883301,Tokyo
3695,01/05/23,855.94,Product D,221886,London
1341,01/05/23,180.15,Product D,972442,Paris
8822,01/05/23,936.47,Product A,373453,Tokyo
9442,01/05/23,95.87,Product A,293757,London
1715,01/05/23,747.26,Product D,504832,London
5706,01/05/23,292.56,Product A,906066,New York
2557,01/05/23,432.5,Product C,492483,London
8324,01/05/23,127.52,Product D,881439,New York
4154,01/05/23,518.76,Product A,275526,New York
4812,01/05/23,981.86,Product C,944654,Tokyo
6502,01/05/23,894.1,Product A,245095,London
8094,01/05/23,26.72,Product A,660814,New York
3194,01/05/23,126.68,Product C,222629,London
9788,01/05/23,396.82,Product A,425236,Tokyo
7521,01/05/23,653.07,Product B,218959,New York
6345,01/05/23,458.23,Product B,178315,London
8225,01/05/23,424.59,Product D,824042,London
4912,01/05/23,723.79,Product D,299092,Tokyo
3463,02/05/23,90.69,Product B,466813,Paris
2655,02/05/23,308.75,Product B,265154,Tokyo
7798,02/05/23,934.91,Product C,960408,New York
1225,02/05/23,696.86,Product A,419939,Tokyo
9785,02/05/23,939.84,Product A,373903,London
5342,02/05/23,627.03,Product D,781403,New York
7678,02/05/23,547.19,Product D,165290,London
3793,02/05/23,363.95,Product D,752011,Paris
7334,02/05/23,973.99,Product D,825686,Tokyo
1011,02/05/23,918.72,Product B,945619,London
4111,02/05/23,729.28,Product B,819656,Tokyo
4630,02/05/23,781.33,Product A,635280,New York
1480,02/05/23,809.04,Product C,649300,New York
4214,02/05/23,237.72,Product B,623555,Paris
9268,02/05/23,660.96,Product D,469438,Paris
3623,02/05/23,564.25,Product D,343118,Tokyo
1331,02/05/23,819.21,Product C,426053,Paris
8432,02/05/23,165.84,Product C,856648,Paris
3634,02/05/23,417.53,Product D,402218,Tokyo
1519,02/05/23,89.42,Product B,158760,Paris
7209,02/05/23,38.41,Product C,290672,Tokyo
8216,02/05/23,192.52,Product A,364742,Tokyo
6478,03/05/23,880.99,Product D,536754,New York
7363,03/05/23,935.85,Product B,284654,London
6703,03/05/23,963.65,Product C,337288,London
7291,03/05/23,963.62,Product C,929504,London
4475,03/05/23,799.85,Product C,393243,Paris
6730,03/05/23,171.88,Product C,885342,New York
8210,03/05/23,725.21,Product B,531709,Tokyo
2468,03/05/23,558.68,Product C,503951,New York
9674,03/05/23,769.17,Product B,267378,New York
6420,03/05/23,136.93,Product B,204904,Paris
1920,03/05/23,512.26,Product C,584172,Tokyo
9950,03/05/23,679.11,Product C,739711,Tokyo
7204,03/05/23,550.56,Product A,969067,Tokyo
8542,03/05/23,164.55,Product C,484914,London
8895,03/05/23,667.07,Product D,255875,New York
4029,04/05/23,886.64,Product C,295646,Tokyo
7437,04/05/23,122.75,Product B,720995,London
6188,04/05/23,115.49,Product A,423241,Tokyo
2294,04/05/23,959.7,Product D,692447,London
7543,04/05/23,227.13,Product B,634277,Tokyo
7563,04/05/23,689.42,Product A,710610,Paris
7939,04/05/23,354.82,Product C,461260,New York
2337,04/05/23,232.29,Product C,203896,Paris
4178,04/05/23,681.52,Product D,584106,Paris
9368,04/05/23,64.88,Product B,485548,London
9576,04/05/23,77,Product A,509420,Tokyo
3735,04/05/23,135.66,Product C,868538,New York
6584,04/05/23,827.06,Product B,985331,Tokyo
3435,04/05/23,398.57,Product C,240384,Tokyo
5331,04/05/23,241.68,Product B,643042,Paris
3578,04/05/23,606,Product A,793223,London
2522,04/05/23,816.81,Product B,219361,Tokyo
7606,04/05/23,54.79,Product A,697983,London
7453,04/05/23,796.95,Product C,684929,Paris
1590,04/05/23,246.86,Product A,265092,New York
9331,04/05/23,28.05,Product C,289019,London
3504,04/05/23,764.89,Product A,728038,Paris
6050,04/05/23,899.99,Product A,475190,London
6621,04/05/23,192.07,Product D,320759,Tokyo
5833,04/05/23,618.48,Product B,240057,Tokyo
5488,04/05/23,825.27,Product D,766275,New York
7099,04/05/23,855.78,Product C,572623,London
3697,05/05/23,12.13,Product D,378085,Tokyo
9307,05/05/23,468.08,Product A,571579,London
2425,05/05/23,560.8,Product C,998235,Paris
4788,05/05/23,697.01,Product B,167348,Tokyo
3369,05/05/23,198.7,Product B,173201,Paris
7251,05/05/23,422.4,Product C,678944,New York
4751,05/05/23,98.44,Product A,208214,Paris
6963,05/05/23,921.02,Product B,999138,New York
9289,05/05/23,736.32,Product A,749838,Paris
7883,05/05/23,905.79,Product A,998348,Tokyo
9899,05/05/23,896.8,Product D,958130,Paris
2654,05/05/23,285.19,Product C,270555,Paris
8254,05/05/23,567.54,Product B,894268,Paris
4765,05/05/23,391.61,Product A,117367,London
5634,05/05/23,414.68,Product C,811875,New York
2682,05/05/23,508.3,Product C,275133,New York
9609,05/05/23,320.62,Product B,581992,Paris
8821,05/05/23,14.62,Product B,866151,Paris
5583,05/05/23,145.86,Product B,773870,London
6168,06/05/23,275.06,Product B,694731,Paris
9328,06/05/23,788.22,Product A,268546,Tokyo
8161,06/05/23,257.4,Product D,968668,Tokyo
1992,06/05/23,283.12,Product A,989227,Tokyo
2180,06/05/23,863.15,Product A,557409,New York
6828,06/05/23,518.33,Product C,372804,London
6658,06/05/23,139.46,Product C,639995,New York
1813,06/05/23,576.05,Product D,261050,New York
9802,06/05/23,533.55,Product B,975373,New York
9444,06/05/23,989.23,Product D,365618,New York
6344,06/05/23,700.24,Product B,301158,Tokyo
1993,06/05/23,730.93,Product A,360735,London
2681,06/05/23,418.22,Product A,966028,New York
8201,06/05/23,885.55,Product C,583757,London
6107,06/05/23,995.2,Product C,559381,Tokyo
5512,06/05/23,152.41,Product D,140666,Tokyo
2531,06/05/23,385.47,Product D,158840,New York
3662,06/05/23,990.71,Product C,722565,Paris
9756,06/05/23,225.65,Product D,964915,London
6172,07/05/23,955.89,Product A,834861,Paris
9702,07/05/23,570.27,Product B,278240,London
5521,07/05/23,306.75,Product A,478666,Paris
2843,07/05/23,158.15,Product A,210766,New York
9871,07/05/23,971,Product B,680493,New York
7793,07/05/23,55.04,Product C,687638,London
1104,07/05/23,146.12,Product B,171269,London
9908,07/05/23,265.23,Product A,843596,New York
6175,07/05/23,368.65,Product B,546768,Paris
5933,07/05/23,665.05,Product C,753050,London
3724,07/05/23,490.78,Product B,520521,New York
9553,07/05/23,376.67,Product A,831531,Tokyo
9173,07/05/23,883.95,Product D,163941,New York
4743,07/05/23,345.54,Product D,518098,Tokyo
5781,07/05/23,393.92,Product A,860053,London
1715,07/05/23,370.66,Product B,565776,Paris
6614,07/05/23,987.32,Product D,250181,Paris
7821,07/05/23,157.73,Product D,292811,Tokyo
1011,08/05/23,210.3,Product B,781571,Paris
8616,08/05/23,827.48,Product C,437960,London
5471,08/05/23,490.79,Product D,452457,Tokyo
7286,08/05/23,193.9,Product B,681868,London
3114,08/05/23,507.84,Product A,971776,New York
5673,08/05/23,699.63,Product D,262316,London
2761,08/05/23,142.6,Product C,862847,Paris
2443,08/05/23,846.04,Product B,556839,Tokyo
6967,08/05/23,79.27,Product C,753425,Paris
3502,08/05/23,970.83,Product C,570988,London
1507,08/05/23,943.02,Product B,736818,Tokyo
5511,08/05/23,896.53,Product C,581294,Paris
5970,09/05/23,748.15,Product C,259338,London
9535,09/05/23,419.85,Product B,995706,New York
5469,09/05/23,906.25,Product B,971415,Tokyo
8685,09/05/23,619.19,Product A,119927,Paris
5819,09/05/23,185.65,Product A,296059,London
5719,09/05/23,882.04,Product D,227324,New York
7693,09/05/23,692.48,Product D,405407,New York
4401,09/05/23,315.22,Product C,993892,New York
6299,09/05/23,34.66,Product D,718990,London
3693,09/05/23,471.39,Product D,226601,Paris
4232,09/05/23,596.28,Product D,104666,London
6399,09/05/23,341.39,Product B,415029,Paris
8061,09/05/23,561.42,Product D,208310,New York
6898,09/05/23,453.02,Product D,100205,New York
4858,09/05/23,756.22,Product C,416613,New York
5499,09/05/23,86.71,Product C,345884,Paris
7146,09/05/23,84.76,Product A,522419,Paris
9514,10/05/23,917.99,Product A,924758,Tokyo
1200,10/05/23,502.65,Product D,669902,New York
3906,10/05/23,751.84,Product C,137581,New York
4575,10/05/23,309.12,Product D,712879,New York
4974,10/05/23,374.59,Product D,910143,London
8863,10/05/23,450.9,Product C,610626,New York
2291,10/05/23,449.75,Product D,192295,Tokyo
8399,10/05/23,828.74,Product A,357657,Tokyo
5694,10/05/23,635.4,Product B,275715,Paris
2551,10/05/23,110.89,Product B,227352,New York
7557,10/05/23,279.11,Product D,823415,Tokyo
1392,10/05/23,629.21,Product A,873291,London
4532,10/05/23,826.31,Product B,851606,Paris
2310,10/05/23,803.01,Product A,478458,Tokyo
7046,10/05/23,950.75,Product C,710224,New York
7408,10/05/23,774.62,Product B,461724,New York
1601,10/05/23,97.18,Product C,438977,New York
8372,10/05/23,683.31,Product C,234568,London
2988,10/05/23,142.01,Product D,800005,Paris
3509,10/05/23,750.26,Product C,536045,Tokyo
7735,10/05/23,865.2,Product A,806073,New York
4804,10/05/23,641.53,Product D,367729,New York
9508,10/05/23,157.45,Product B,443897,Paris
5150,11/05/23,642.13,Product B,477934,New York
2494,11/05/23,354.48,Product C,436653,New York
5949,11/05/23,252.43,Product D,411882,Tokyo
3140,11/05/23,921.19,Product A,531262,Tokyo
9824,11/05/23,351.67,Product D,577463,Paris
5011,11/05/23,615.16,Product A,577538,Tokyo
4290,11/05/23,321.04,Product D,434640,Paris
3450,11/05/23,807.61,Product B,541996,Tokyo
9991,11/05/23,626.81,Product B,828834,New York
2118,11/05/23,447.79,Product C,935012,Paris
2526,11/05/23,662.8,Product A,912510,Tokyo
4555,11/05/23,216.8,Product C,417915,New York
2041,11/05/23,453.79,Product C,638169,New York
1504,11/05/23,164.76,Product B,243006,Tokyo
2342,11/05/23,845.33,Product C,923002,Tokyo
6706,11/05/23,106.65,Product D,434400,New York
7358,11/05/23,918.72,Product A,141843,Paris
9363,12/05/23,777,Product D,182216,Tokyo
8715,12/05/23,895.93,Product C,195563,Tokyo
3832,12/05/23,827.45,Product A,724145,Paris
2741,12/05/23,206.66,Product B,915749,Paris
4048,12/05/23,522.57,Product A,374492,Paris
7434,12/05/23,150.75,Product C,758309,Tokyo
3522,12/05/23,933.33,Product C,633590,Paris
1108,13/05/23,883.21,Product D,273650,London
7256,13/05/23,532.19,Product B,956572,London
9210,13/05/23,99.65,Product C,626560,New York
8405,13/05/23,229.33,Product A,862569,Paris
5460,13/05/23,544.58,Product D,184349,New York
4637,13/05/23,749.38,Product B,567432,Paris
2263,13/05/23,647.04,Product B,257538,London
7670,13/05/23,115.4,Product A,627611,Paris
9693,13/05/23,201.96,Product C,468154,London
1120,13/05/23,999.44,Product C,688730,Paris
7723,13/05/23,777.22,Product D,989587,New York
3196,13/05/23,847.68,Product D,846606,Paris
4892,13/05/23,786.46,Product C,826596,New York
7529,13/05/23,440.15,Product B,899049,London
6354,13/05/23,700.79,Product B,152973,Tokyo
6873,13/05/23,307.19,Product B,981473,London
5254,14/05/23,579.39,Product C,236014,Tokyo
3262,14/05/23,215.27,Product C,794395,Tokyo
2633,14/05/23,911.34,Product A,857537,London
2341,14/05/23,452.28,Product C,181896,New York
6542,14/05/23,527.87,Product A,553873,London
3150,14/05/23,840.13,Product A,136862,Paris
8126,14/05/23,643.39,Product C,464032,Tokyo
8199,14/05/23,527.52,Product B,481574,Paris
1166,14/05/23,948.58,Product A,353080,Tokyo
9901,14/05/23,498.97,Product B,992400,Tokyo
9064,15/05/23,315.96,Product D,139807,New York
7566,15/05/23,511.55,Product D,670053,New York
6986,15/05/23,686.11,Product D,907788,New York
6688,15/05/23,434.09,Product C,172306,Paris
4683,15/05/23,295.78,Product D,693127,Tokyo
4510,15/05/23,140.99,Product D,354801,Tokyo
4116,15/05/23,454.13,Product D,292401,Paris
8859,15/05/23,783.62,Product C,693128,Paris
4804,15/05/23,741.3,Product A,283568,Tokyo
7865,15/05/23,750.04,Product B,611945,London
2063,16/05/23,546.75,Product C,992717,London
6439,16/05/23,769.74,Product D,851470,Paris
3024,16/05/23,260.21,Product B,315477,New York
1645,16/05/23,501.39,Product B,821634,Tokyo
1643,16/05/23,393.52,Product A,299072,Paris
6829,16/05/23,941.73,Product D,294760,Tokyo
6939,16/05/23,295.72,Product D,628750,Tokyo
4863,16/05/23,437.9,Product D,305587,London
6714,16/05/23,934.36,Product C,401769,New York
7653,16/05/23,835.39,Product C,400850,London
8879,16/05/23,206.13,Product D,783932,London
9004,16/05/23,760.58,Product D,777278,Tokyo
2940,16/05/23,766.8,Product B,913373,Tokyo
9376,16/05/23,574.96,Product B,198867,New York
1182,16/05/23,876.02,Product B,229221,New York
1944,16/05/23,418.55,Product D,684357,London
1082,17/05/23,600.69,Product A,419491,London
3762,17/05/23,766.84,Product D,923353,New York
9918,17/05/23,182.11,Product D,483041,New York
5888,17/05/23,606.76,Product C,398384,Tokyo
1517,17/05/23,948.72,Product A,300051,New York
9443,17/05/23,249.52,Product B,405420,Tokyo
3148,17/05/23,689.15,Product A,855829,Paris
8796,17/05/23,747.86,Product D,375311,New York
1972,17/05/23,357.31,Product C,725850,London
4943,17/05/23,550.17,Product D,902903,Paris
9044,17/05/23,784.15,Product C,494322,Paris
9897,17/05/23,661.53,Product B,991737,Paris
3661,17/05/23,248.07,Product D,809922,Paris
7170,18/05/23,906.98,Product A,367865,London
7431,18/05/23,123.09,Product C,986589,Tokyo
7455,18/05/23,568.75,Product A,188025,Tokyo
7049,18/05/23,557,Product D,233636,New York
5033,18/05/23,598.57,Product A,539589,Paris
7824,18/05/23,314.6,Product A,725905,Tokyo
3420,18/05/23,707.65,Product B,911982,New York
1273,18/05/23,76.86,Product C,326222,New York
6661,18/05/23,306.16,Product D,823846,Paris
9108,19/05/23,883.52,Product D,399628,New York
8359,19/05/23,992.85,Product D,278852,London
5660,19/05/23,26.14,Product B,416503,New York
6277,19/05/23,156.85,Product B,388375,Paris
4616,19/05/23,720.67,Product A,318877,Tokyo
7916,19/05/23,72.89,Product D,724834,Tokyo
1530,19/05/23,161.9,Product D,488984,Paris
7859,19/05/23,916.75,Product B,386886,Tokyo
7240,19/05/23,535.25,Product D,630108,Tokyo
4770,19/05/23,803.91,Product B,767542,London
7730,19/05/23,151.29,Product B,753484,Paris
8149,19/05/23,984.39,Product A,503906,London
3837,19/05/23,802.86,Product B,364650,Paris
1430,19/05/23,929.79,Product C,130359,London
5382,19/05/23,648.2,Product C,566509,Paris
1685,19/05/23,737.98,Product D,855185,Paris
3983,19/05/23,325.03,Product B,770718,New York
6267,19/05/23,480.87,Product B,164879,Tokyo
3120,20/05/23,439.37,Product D,522988,Tokyo
3719,20/05/23,147.84,Product B,953047,London
9383,20/05/23,950.26,Product D,677079,Tokyo
7457,20/05/23,939.75,Product A,645940,New York
6776,20/05/23,998.17,Product C,770532,New York
8251,20/05/23,816.86,Product D,970914,Tokyo
9615,20/05/23,704.3,Product C,151470,Paris
3525,20/05/23,290.3,Product D,772036,Paris
1567,20/05/23,622.98,Product B,778720,Paris
1025,20/05/23,359.29,Product D,296412,New York
2293,20/05/23,872.13,Product B,621841,London
4617,20/05/23,836.4,Product B,220190,London
7825,20/05/23,642.6,Product D,757629,Paris
9761,20/05/23,58.1,Product A,794125,New York
1713,21/05/23,393.01,Product C,365971,New York
6822,21/05/23,309.3,Product C,951331,New York
6934,21/05/23,892.66,Product D,841666,London
7911,21/05/23,616.19,Product D,990136,New York
2035,21/05/23,825.62,Product C,780776,Tokyo
3871,21/05/23,499.42,Product A,311505,Paris
1185,21/05/23,209.18,Product C,366776,New York
3280,21/05/23,309.8,Product C,790658,London
6134,21/05/23,67.43,Product D,386814,London
5285,22/05/23,365.96,Product B,165142,New York
7666,22/05/23,935.68,Product D,600641,London
5350,22/05/23,785.07,Product B,856442,New York
7797,22/05/23,108.03,Product D,745558,Tokyo
9266,22/05/23,180.83,Product B,841995,Tokyo
6499,22/05/23,98.41,Product C,334176,Paris
4387,22/05/23,147.19,Product B,244818,Paris
1190,22/05/23,935.03,Product D,993251,Tokyo
7275,22/05/23,490.73,Product D,139285,London
1828,22/05/23,999.29,Product A,197793,London
3879,22/05/23,610.56,Product C,966589,London
7909,22/05/23,887.26,Product B,218548,London
3417,22/05/23,690.75,Product A,916232,Tokyo
4483,22/05/23,504.24,Product D,249811,Paris
4626,22/05/23,232.86,Product B,382154,Tokyo
8504,22/05/23,964.39,Product A,602248,Tokyo
5664,22/05/23,745.5,Product C,532961,London
5192,22/05/23,238.85,Product C,376955,Tokyo
8982,22/05/23,324.11,Product C,334081,London
8758,23/05/23,123.25,Product B,587623,Paris
2229,23/05/23,641.14,Product C,638009,London
8493,23/05/23,593.42,Product B,623059,New York
5762,23/05/23,76.69,Product A,307007,Tokyo
7078,23/05/23,949.89,Product D,715870,London
3535,23/05/23,487.37,Product A,467121,Paris
6400,23/05/23,131.01,Product C,797660,Tokyo
5088,23/05/23,111.77,Product D,750810,London
9621,23/05/23,256.28,Product B,685549,Tokyo
3804,23/05/23,628.23,Product C,983456,New York
5060,23/05/23,248.74,Product A,901164,London
9538,23/05/23,982.29,Product D,508024,Paris
2501,23/05/23,219.98,Product A,153035,Paris
2879,23/05/23,352.55,Product B,773462,London
5298,23/05/23,864.01,Product C,725969,Tokyo
1653,24/05/23,886.8,Product D,934883,New York
4750,24/05/23,837.6,Product A,901909,Paris
8575,24/05/23,808.85,Product A,515182,Paris
5890,24/05/23,117.02,Product A,452618,Paris
1193,24/05/23,218.64,Product A,441244,Paris
2791,24/05/23,802.05,Product B,641058,London
6236,24/05/23,148.53,Product A,787237,Tokyo
8517,24/05/23,466.11,Product A,605382,New York
2679,24/05/23,743.26,Product A,719176,Tokyo
7984,24/05/23,116.88,Product D,177060,New York
5106,24/05/23,758.02,Product B,758765,New York
7179,24/05/23,608.92,Product A,176319,London
9510,24/05/23,450.62,Product A,829386,Paris
4598,24/05/23,331.04,Product A,340174,New York
6298,24/05/23,924.9,Product A,217996,Tokyo
7211,24/05/23,750.65,Product B,745414,Paris
8244,24/05/23,221.56,Product D,932291,London
7116,25/05/23,149.94,Product D,538555,London
6644,25/05/23,73.12,Product A,172371,Tokyo
5477,25/05/23,764.79,Product C,468074,New York
2999,25/05/23,860.81,Product C,652654,Tokyo
6431,25/05/23,245.2,Product D,381631,Paris
6890,25/05/23,896.55,Product A,214682,London
3521,25/05/23,540.99,Product A,231939,Tokyo
2669,25/05/23,774.76,Product A,934904,New York
7939,25/05/23,408.25,Product B,390946,New York
9892,25/05/23,495.19,Product B,670027,Paris
4090,25/05/23,246.42,Product D,344907,Tokyo
3248,25/05/23,21.24,Product D,463546,Paris
6008,25/05/23,588.33,Product C,946934,Paris
2195,25/05/23,69.31,Product D,535810,Tokyo
4974,25/05/23,608.36,Product B,515898,London
8612,25/05/23,483.75,Product B,950916,London
4920,26/05/23,166.79,Product A,679077,Tokyo
7626,26/05/23,643.74,Product C,220768,Tokyo
6582,26/05/23,185.69,Product C,162448,New York
2691,26/05/23,968.76,Product C,975427,Paris
5215,26/05/23,194.34,Product C,929179,Paris
4812,26/05/23,297.58,Product B,101657,New York
9331,26/05/23,108.61,Product C,608205,New York
2033,26/05/23,778.43,Product D,138780,Paris
8640,26/05/23,938.12,Product A,261169,Paris
7809,26/05/23,841.49,Product D,275377,New York
4257,26/05/23,653.39,Product D,331148,Tokyo
5735,26/05/23,215.21,Product D,432441,Tokyo
3173,26/05/23,653.59,Product B,628370,Paris
5308,26/05/23,975.3,Product A,620248,Tokyo
6411,26/05/23,477.68,Product B,105433,London
4185,26/05/23,699.39,Product D,519066,London
6302,26/05/23,299.71,Product C,999695,New York
6071,27/05/23,770.94,Product D,402808,London
3747,27/05/23,688.74,Product D,725510,New York
1711,27/05/23,464.83,Product A,496922,New York
8924,27/05/23,691.77,Product C,547798,Paris
9514,27/05/23,635.54,Product D,947228,London
9751,27/05/23,252.36,Product D,497887,Paris
6005,27/05/23,702.45,Product B,550081,New York
2526,27/05/23,972.43,Product C,991401,New York
2438,27/05/23,388.39,Product B,537605,London
3041,27/05/23,901.05,Product C,799287,Tokyo
9673,27/05/23,281.99,Product C,117975,Tokyo
1612,27/05/23,810.26,Product D,182289,New York
4562,27/05/23,86.43,Product C,931420,Tokyo
8179,27/05/23,425.46,Product B,534130,Tokyo
5040,27/05/23,628.78,Product B,580102,New York
5634,27/05/23,305.57,Product D,255813,Tokyo
6303,27/05/23,473.71,Product B,172222,London
3048,27/05/23,242.28,Product C,880009,New York
3384,27/05/23,39.19,Product C,534152,Tokyo
2658,27/05/23,238.71,Product D,298663,London
4675,27/05/23,985.03,Product B,869735,New York
4727,28/05/23,99.48,Product A,897305,New York
9175,28/05/23,207.67,Product B,378297,London
5923,28/05/23,448.68,Product C,382507,Tokyo
8370,28/05/23,341.31,Product C,477808,Paris
8078,28/05/23,329.1,Product C,127121,New York
7971,28/05/23,554.88,Product C,836996,Tokyo
5049,28/05/23,994.59,Product B,583220,New York
1212,28/05/23,258.83,Product D,970300,London
3607,28/05/23,862.88,Product D,371782,London
4714,28/05/23,656.25,Product A,764678,Tokyo
9689,28/05/23,58.09,Product D,979562,Tokyo
3938,28/05/23,925.24,Product D,941204,London
8511,28/05/23,94.05,Product A,629979,London
3647,28/05/23,447.42,Product D,688153,New York
5009,28/05/23,53.79,Product D,345722,London
7445,28/05/23,165.44,Product C,817552,Paris
4646,28/05/23,674.63,Product B,894586,London
5201,28/05/23,484.29,Product B,968170,Paris
2753,28/05/23,557.69,Product C,395442,London
2582,28/05/23,741.41,Product B,683397,New York
1049,28/05/23,225.72,Product A,147489,Tokyo
6885,29/05/23,196.54,Product D,120053,London
2489,29/05/23,56.65,Product A,260265,London
7288,29/05/23,742.35,Product A,625119,Paris
6896,29/05/23,277.07,Product B,191537,London
9954,29/05/23,798.01,Product B,106687,Tokyo
2036,29/05/23,748.49,Product A,834928,New York
8242,29/05/23,61.1,Product C,675898,London
1659,29/05/23,758.71,Product D,644173,Tokyo
4110,29/05/23,167.75,Product D,622987,Paris
5216,29/05/23,823.38,Product D,583214,London
2133,29/05/23,537.38,Product B,234628,Tokyo
7025,29/05/23,592.5,Product B,913848,London
3555,29/05/23,731.2,Product A,217830,New York
5558,29/05/23,951.69,Product D,364525,New York
3221,29/05/23,787.83,Product A,390794,London
2890,29/05/23,358.72,Product D,711116,Tokyo
9475,29/05/23,247.9,Product A,944554,Tokyo
8273,29/05/23,86.12,Product B,655178,Paris
8300,29/05/23,599.18,Product A,332873,Tokyo
2765,29/05/23,420.33,Product A,909652,Tokyo
9797,29/05/23,274.16,Product C,216970,Paris
2882,29/05/23,285.78,Product B,946432,Tokyo
8692,29/05/23,841.33,Product B,488712,Paris
7511,29/05/23,211.66,Product D,287401,Paris
1833,30/05/23,933.06,Product C,614379,Paris
5520,30/05/23,405.44,Product D,525146,London
2728,30/05/23,642.24,Product C,807256,Tokyo
9328,30/05/23,921.95,Product B,825423,London
6269,30/05/23,290.23,Product D,659572,Paris
3230,30/05/23,772.45,Product A,262959,New York
2404,30/05/23,622.43,Product B,847748,New York
2124,30/05/23,957.71,Product A,890870,New York
7084,30/05/23,98.59,Product B,624203,New York
5179,30/05/23,111.88,Product A,339499,New York
3945,30/05/23,589.59,Product B,512160,Tokyo
1719,30/05/23,179.18,Product C,692960,London
3954,30/05/23,90,Product C,761685,London
5543,30/05/23,779.9,Product D,757193,London
3742,31/05/23,283.34,Product A,515035,London
6432,31/05/23,436.15,Product A,203396,Paris
2194,31/05/23,710.6,Product B,292800,New York
8317,31/05/23,702.32,Product B,205149,London
8342,31/05/23,27.07,Product C,332360,Tokyo
7046,31/05/23,711.35,Product C,654718,New York
5334,31/05/23,793.34,Product B,545790,New York
7932,31/05/23,383.22,Product D,726979,Tokyo
9907,31/05/23,29.33,Product D,919898,Paris
6869,31/05/23,790.55,Product C,116547,London
1505,31/05/23,763.45,Product C,134283,Paris
4788,31/05/23,17.15,Product C,297731,Tokyo
5747,31/05/23,400.38,Product B,452497,New York
8043,31/05/23,584.18,Product C,587575,Tokyo
3852,31/05/23,367.88,Product B,227257,London
8951,31/05/23,350.3,Product A,148174,New York
7889,31/05/23,887.98,Product C,373216,Paris
2624,31/05/23,704.76,Product B,550961,Tokyo
6850,31/05/23,76.88,Product B,868544,New York
8657,01/06/23,983.18,Product B,741674,New York
1086,01/06/23,100.18,Product B,594580,Tokyo
7793,01/06/23,336.92,Product A,604906,Tokyo
6901,01/06/23,680,Product D,874415,New York
6210,01/06/23,740.72,Product C,720298,New York
5557,01/06/23,870.61,Product B,832052,Tokyo
9426,01/06/23,513.65,Product D,145981,Paris
6549,01/06/23,124.02,Product A,247594,London
9806,01/06/23,667.45,Product B,898867,London
2695,01/06/23,900.14,Product C,849014,New York
9880,02/06/23,759.22,Product D,672892,London
4308,02/06/23,630.95,Product C,435281,New York
5582,02/06/23,989.2,Product A,234913,New York
6876,02/06/23,458.07,Product B,878476,Tokyo
6381,02/06/23,136.52,Product A,777406,Tokyo
4538,02/06/23,871,Product C,911984,London
2133,02/06/23,849.31,Product D,805668,Tokyo
4196,02/06/23,390.1,Product D,529008,Tokyo
5444,02/06/23,87.11,Product C,225200,New York
7708,02/06/23,579.15,Product B,432427,New York
2869,02/06/23,74.69,Product D,177680,New York
7242,02/06/23,642.16,Product C,213609,London
3826,02/06/23,676.85,Product C,744333,New York
8780,02/06/23,26.47,Product C,806537,New York
6781,02/06/23,869.04,Product D,931161,Tokyo
7342,02/06/23,527.36,Product D,700534,London
6818,03/06/23,637.32,Product C,674295,Paris
5803,03/06/23,632.35,Product C,705397,London
7807,03/06/23,487.67,Product D,355570,Tokyo
3399,03/06/23,71.41,Product C,313910,New York
4533,03/06/23,158.02,Product D,216587,Paris
2010,03/06/23,783.15,Product B,237064,London
3704,03/06/23,472.72,Product B,752483,New York
8001,03/06/23,554.97,Product C,593687,London
2153,03/06/23,310.87,Product B,644719,New York
4522,03/06/23,858.01,Product B,195643,London
7251,03/06/23,22.49,Product B,503489,Tokyo
2011,03/06/23,552.17,Product B,700521,London
7862,03/06/23,899.64,Product A,396439,New York
8595,03/06/23,649.64,Product A,857750,New York
9311,03/06/23,514.62,Product D,843167,Paris
8484,04/06/23,309.1,Product D,994787,Tokyo
1891,04/06/23,753.53,Product D,775990,New York
8369,04/06/23,377.37,Product B,154040,Paris
1439,04/06/23,848.6,Product C,315425,London
5281,04/06/23,540.74,Product C,741603,Paris
7164,04/06/23,740.7,Product C,208998,London
6383,04/06/23,677.61,Product D,432043,Tokyo
2556,04/06/23,760.62,Product A,110142,London
6319,04/06/23,378,Product D,966286,Paris
7511,04/06/23,806.54,Product C,194689,Tokyo
9452,04/06/23,133.43,Product A,900185,London
4868,04/06/23,369.06,Product C,670913,Paris
1721,04/06/23,864.3,Product B,148215,Tokyo
4014,04/06/23,393.59,Product D,244192,London
9054,04/06/23,699.22,Product A,339030,London
4948,04/06/23,233.09,Product B,944917,Tokyo
8598,04/06/23,126.6,Product A,765213,New York
1305,04/06/23,512.11,Product A,952117,Tokyo
4913,04/06/23,964.36,Product B,893988,London
3262,04/06/23,865.19,Product A,884140,London
1207,04/06/23,425.86,Product D,210665,Tokyo
4878,05/06/23,170.88,Product B,532322,New York
9564,05/06/23,910.25,Product D,966662,London
5564,05/06/23,78.73,Product C,468203,Tokyo
6323,05/06/23,462.97,Product B,548324,Tokyo
8620,05/06/23,289.48,Product C,443199,New York
9462,05/06/23,380.17,Product A,640299,London
3656,05/06/23,153.16,Product A,539963,Paris
3972,05/06/23,151.82,Product D,172965,London
5067,05/06/23,903.29,Product C,705748,Paris
2975,05/06/23,428.09,Product B,600905,New York
3604,05/06/23,933.4,Product C,197874,Paris
1514,05/06/23,337.12,Product B,392004,Tokyo
5687,05/06/23,540.28,Product C,530849,Paris
6328,05/06/23,481.39,Product C,675191,Tokyo
3267,05/06/23,257.5,Product D,489244,New York
7717,05/06/23,658.23,Product B,178463,Tokyo
6327,05/06/23,284.12,Product C,297509,London
9622,05/06/23,371.24,Product A,491738,Tokyo
1878,05/06/23,365.45,Product A,608149,London
6295,05/06/23,971.26,Product C,258290,Tokyo
3926,05/06/23,40.96,Product A,608947,London
3223,05/06/23,467.08,Product A,372793,Tokyo
7622,05/06/23,519.45,Product A,789606,Tokyo
8105,06/06/23,689.91,Product B,459381,Tokyo
8736,06/06/23,202.6,Product A,813763,Tokyo
5221,06/06/23,393.3,Product A,681896,Paris
2391,06/06/23,62.08,Product B,891083,New York
1305,06/06/23,722.35,Product C,189913,London
6517,06/06/23,768.64,Product B,726258,Tokyo
5990,06/06/23,513.25,Product B,786393,Tokyo
4624,06/06/23,221.22,Product C,447148,Paris
7997,06/06/23,113.06,Product B,676680,Tokyo
7022,06/06/23,306.26,Product D,911032,London
1480,07/06/23,812.58,Product C,161437,Tokyo
9066,07/06/23,985.51,Product C,614646,London
8622,07/06/23,294.76,Product B,177449,Tokyo
2143,07/06/23,201.56,Product D,572536,Paris
2926,07/06/23,140.26,Product B,103704,Paris
2562,07/06/23,532.88,Product A,340927,London
1230,07/06/23,328.99,Product B,118786,New York
5107,07/06/23,49.09,Product D,686179,Paris
3203,07/06/23,850.9,Product C,923481,Tokyo
5114,07/06/23,909.08,Product A,196781,Tokyo
7135,07/06/23,388.65,Product D,493892,New York
9582,08/06/23,143.9,Product B,788108,London
4517,08/06/23,195.28,Product C,567676,London
9317,08/06/23,115.35,Product C,982554,London
1803,08/06/23,610.34,Product D,973294,Paris
2964,08/06/23,87.7,Product D,743644,New York
8532,08/06/23,87.08,Product C,703727,Tokyo
4729,08/06/23,266.06,Product D,573039,Tokyo
8381,08/06/23,448.29,Product D,420214,New York
4485,08/06/23,46.29,Product C,669868,Tokyo
6916,09/06/23,323.31,Product D,979727,Tokyo
7296,09/06/23,984.6,Product C,846172,New York
5905,09/06/23,666.75,Product B,377312,New York
8450,09/06/23,409.92,Product A,373791,London
6544,09/06/23,969.96,Product A,162678,Paris
4470,09/06/23,198.12,Product A,883159,Tokyo
7018,09/06/23,799.32,Product C,940064,New York
6860,09/06/23,507.81,Product C,925115,Paris
4052,09/06/23,751.51,Product C,139286,New York
3880,09/06/23,920.44,Product D,926236,Tokyo
6761,10/06/23,571.97,Product B,690462,London
3213,10/06/23,700.65,Product B,719531,Tokyo
2625,10/06/23,765.11,Product B,377501,New York
6598,10/06/23,768.49,Product B,337547,London
2502,10/06/23,911.4,Product D,466566,New York
7498,10/06/23,717.86,Product A,720859,London
3443,10/06/23,99.18,Product A,858711,New York
1509,10/06/23,410.35,Product D,682959,London
1960,10/06/23,845.91,Product A,536236,Tokyo
6570,10/06/23,125.84,Product C,664032,Paris
1029,10/06/23,704.99,Product D,992083,New York
5938,10/06/23,219.12,Product B,901280,Paris
1990,10/06/23,791.4,Product C,759104,Tokyo
4982,10/06/23,624.79,Product B,972881,Paris
2970,10/06/23,759.62,Product B,275284,London
6669,10/06/23,941.5,Product C,987025,New York
8836,10/06/23,545.36,Product C,512842,London
1440,10/06/23,729.94,Product B,559753,Paris
4759,10/06/23,804.28,Product D,467544,New York